{
  "name": "Claim Your Back End Development Certificate",
  "order": 29,
  "time": "5 minutes",
  "challenges": [
    {
      "id": "660add10cb82ac38a17513be",
      "title": "Claim Your Back End Development Certificate",
      "description": [
        [
          "//i.imgur.com/8v3t84p.jpg",
          "An image of our Back End Development Certificate",
          "This challenge will give you your verified Back End Development Certificate. Before we issue your certificate, we must verify that you have completed all of the back end development projects. You must also accept our Academic Honesty Pledge. Click the button below to start this process.",
          ""
        ],
        [
          "//i.imgur.com/HArFfMN.jpg",
          "The definition of plagiarism: Plagiarism (noun) - copying someone else’s work and presenting it as your own without crediting them",
          "By clicking below, you pledge that all of your submitted code A) is code you or your pair personally wrote, or B) comes from open source libraries like jQuery, or C) has been clearly attributed to its original authors. You also give us permission to audit your challenge solutions and revoke your certificate if we discover evidence of plagiarism.",
          "#"
        ],
        [
          "//i.imgur.com/2qn7tHp.jpg",
          "An image of the text \"Back End Development Certificate requirements\"",
          "Let's confirm that you have completed our back end development projects. Click the button below to verify this.",
          "#"
        ],
        [
          "//i.imgur.com/16SIhHO.jpg",
          "An image of the word \"Congratulations\"",
          "Congratulations! We've added your Back End Development Certificate to your portfolio page. Unless you choose to hide your solutions, this certificate will remain publicly visible and verifiable.",
          ""
        ]
      ],
      "challengeSeed": [
        {
          "properties": [
            "isHonest",
            "isBackEndCert"
          ],
          "apis": [
            "/certificate/honest",
            "/certificate/verify/back-end"
          ],
          "stepIndex": [
            1,
            2
          ]
        }
      ],
      "tests": [
        {
          "id": "bd7158d8c443edefaeb5bdef",
          "title": "Timestamp Microservice"
        },
        {
          "id": "bd7158d8c443edefaeb5bdff",
          "title": "Request Header Parser Microservice"
        },
        {
          "id": "bd7158d8c443edefaeb5bd0e",
          "title": "URL Shortener Microservice"
        },
        {
          "id": "bd7158d8c443edefaeb5bdee",
          "title": "Image Search Abstraction Layer"
        },
        {
          "id": "bd7158d8c443edefaeb5bd0f",
          "title": "File Metadata Microservice"
        },
        {
          "id": "bd7158d8c443eddfaeb5bdef",
          "title": "Build a Voting App"
        },
        {
          "id": "bd7158d8c443eddfaeb5bdff",
          "title": "Build a Nightlife Coordination App"
        },
        {
          "id": "bd7158d8c443eddfaeb5bd0e",
          "title": "Chart the Stock Market"
        },
        {
          "id": "bd7158d8c443eddfaeb5bd0f",
          "title": "Manage a Book Trading Club"
        },
        {
          "id": "bd7158d8c443eddfaeb5bdee",
          "title": "Build a Pinterest Clone"
        }
      ],
      "type": "Waypoint",
      "challengeType": 7,
      "descriptionEs": [
        [
          "//i.imgur.com/8v3t84p.jpg",
          "Una imagen que muestra nuestro certificado de desarrollo del lado del servidor",
          "Este desafío te otorga tu certificado autenticado de desarrollo del lado del servidor. Antes de que podamos emitir tu certificado, debemos verificar que has completado todos los proyectos de desarrollo del lado del servidor. También debes aceptar nuestro Juramento de honestidad académica. Pulsa el botón siguiente para iniciar este proceso.",
          ""
        ],
        [
          "//i.imgur.com/HArFfMN.jpg",
          "Plagio (nombre): acción y efecto de plagiar. Plagiar (verbo) - copiar en lo sustancial obras ajenas, dándolas como propias.",
          "Al pulsar el botón siguiente, juras que todo el código en tus soluciones a los desafíos A) es código que tú o tu compañero escribieron personalmente, o B) proviene de librerías de código abierto como jQuery, o C) ha sido claramente atribuido a sus autores originales. También nos otorgas el permiso para auditar tus soluciones a los desafíos y revocar tu certificado si encontramos evidencia de plagio.",
          "#"
        ],
        [
          "//i.imgur.com/2qn7tHp.jpg",
          "Una imagen del texto \"Back End Development Certificate requirements\"",
          "Confirmemos que has completado todos nuestros proyectos de desarrollo del lado del servidor. Pulsa el botón siguiente para hacer la verificación.",
          "#"
        ],
        [
          "//i.imgur.com/16SIhHO.jpg",
          "Una imagen de la palabra \"Congratulations\"",
          "¡Felicitaciones! Hemos agregado tu certificado de desarrollo del lado del servidor. A menos que elijas no mostrar tus soluciones, este certificado será públicamente visible y verificable.",
          ""
        ]
      ],
      "titleEs": "Reclama tu certificado de desarrollo del lado del servidor",
      "titleFr": "Demandez votre certificat de développement Back End",
      "descriptionFr": [
        [
          "//i.imgur.com/8v3t84p.jpg",
          "Une image de notre certificat de développement Back End",
          "Ce défi vous donnera votre certificat de développement Back End authentifié. Avant que nous ne vous le donnions, nous devons vérifier que vous avez complété tous les projets de développement Back End. Vous devez aussi accepter notre serment de droiture académique. Cliquez le bouton ci-dessous pour commencer cette procédure.",
          ""
        ],
        [
          "//i.imgur.com/HArFfMN.jpg",
          "La définition du plagiat: Plagiat (nom) - copier le travail de quelqu'un d'autre et le presenter comme le votre sans lui en donner crédit.",
          "En cliquant ci dessous, vous faites le serment que tout le code que vous avez mis en ligne A) est un code que vous ou un pair avez personellement écrit, ou B) qu'il provient de librairies open-source comme jQuery, ou C) qu'il a été cmairement attribué à ses auteurs originaux. Vous nous donnez la permission de consulter vos solutions aux défis et de révoquer votre certificat si nous y trouvons une preuve de plagiat.",
          "#"
        ],
        [
          "//i.imgur.com/2qn7tHp.jpg",
          "Une image du texte \"Back End Development Certificate requirements\"",
          "Confirmons que vous avez complété nos projets de développement Back End. Cliquez sur le bouton ci dessous pour vérifier.",
          "#"
        ],
        [
          "//i.imgur.com/16SIhHO.jpg",
          "Une image du mot \"Congratulations\"",
          "Félicitations! Nous avons ajouté votre certificat de développement Back End à votre page portfolio. A moins que vous ne choisissiez de cacher vos solutions, ce certificat restera publiquement visible et vérifiable.",
          ""
        ]
      ]
    }
  ]
}
