{
  "name": "React Projects",
  "order": 15,
  "time": "200 hours",
  "helpRoom": "HelpDataViz",
  "challenges": [
    {
      "id": "bd7157d8c242eddfaeb5bd13",
      "title": "Build a Markdown Previewer",
      "description": [
        "<strong>Objective:</strong> Build a <a href='https://codepen.io' target='_blank'>CodePen.io</a> app that is functionally similar to this: <a href='https://codepen.io/FreeCodeCamp/full/JXrLLE/' target='_blank'>https://codepen.io/FreeCodeCamp/full/JXrLLE/</a>.",
        "<strong>Rule #1:</strong> Don't look at the example project's code. Figure it out for yourself.",
        "<strong>Rule #2:</strong> Fulfill the below <a href='https://en.wikipedia.org/wiki/User_story' target='_blank'>user stories</a>. Use whichever libraries or APIs you need. Give it your own personal style.",
        "<strong>Rule #3:</strong> You must use both Sass and React to build this project.",
        "<strong>User Story:</strong> I can type GitHub-flavored Markdown into a text area.",
        "<strong>User Story:</strong> I can see a preview of the output of my markdown that is updated as I type.",
        "<strong>Hint:</strong> You don't need to interpret Markdown yourself - you can import the Marked library for this: <a href='https://cdnjs.com/libraries/marked' target='_blank'>https://cdnjs.com/libraries/marked</a>",
        "<strong>Note:</strong> If you want to use the React JSX syntax, you need to enable 'Babel' as a preprocessor",
        "Remember to use <a href='//github.com/FreeCodeCamp/freecodecamp/wiki/FreeCodeCamp-Get-Help' target='_blank'>Read-Search-Ask</a> if you get stuck.",
        "When you are finished, click the \"I've completed this challenge\" button and include a link to your CodePen. ",
        "You can get feedback on your project by sharing it with your friends on Facebook."
      ],
      "releasedOn": "January 1, 2016",
      "challengeSeed": [
        "giTx33ggIno"
      ],
      "tests": [],
      "type": "zipline",
      "isRequired": true,
      "challengeType": 3,
      "titleRu": "Создайте предпросмотрщик языка разметки Markdown",
      "descriptionRu": [
        "<strong>Задание:</strong> Создайте приложение <a href='https://codepen.io' target='_blank'>CodePen.io</a>, функционал которого схож с этим: <a href='https://codepen.io/FreeCodeCamp/full/JXrLLE/' target='_blank'>https://codepen.io/FreeCodeCamp/full/JXrLLE/</a>.",
        "<strong>Правило #1:</strong> Не подсматривайте код приложения-примера. Напишите его самостоятельно.",
        "<strong>Правило #2:</strong> Приложение должно удовлетворять нижеприведённым <a href='https://ru.wikipedia.org/wiki/Пользовательские_истории' target='_blank'>пользовательским историям</a>. Используйте любые библиотеки или API, которые потребуются. Придайте ему свой личный стиль.",
        "<strong>Правило #3:</strong> Для создания этого проекта вы должны использовать Sass и React.",
        "<strong>Пользовательская история:</strong> Я могу использовать язык разметки в стиле GitHub в текстовом поле.",
        "<strong>Пользовательская история:</strong> Я могу видеть предварительный просмотр вывода моей разметки по мере ввода текста.",
        "<strong>Подсказка:</strong> Вам не нужно интерпретировать разметку самостоятельно - вы можете импортировать библиотеку Marked для этого: <a href='https://cdnjs.com/libraries/marked'>https://cdnjs.com/libraries/marked</a>",
        "<strong>Заметка:</strong> Если вы хотите использовать синтаксис React JSX, вам понадобится задействовать 'Babel' в качестве препроцессора.",
        "Если что-то не получается, не забывайте пользоваться методом <a href='//github.com/FreeCodeCamp/freecodecamp/wiki/FreeCodeCamp-Get-Help' target='_blank'>Читай-Ищи-Спрашивай</a>.",
        "Когда закончите, нажмите кнопку \"I've completed this challenge\" и укажите ссылку на вашу работу на CodePen.",
        "Вы можете получить отзыв о вашем проекте от коллег, поделившись ссылкой на него в нашем <a href='//gitter.im/freecodecamp/codereview' target='_blank'>чате для рассмотрения кода</a>. Также вы можете поделиться ею через Twitter и на странице Free Code Camp вашего города на Facebook."
      ],
      "titleEs": "Crea un visualizador de lenguaje de marcado (Markdown)",
      "descriptionEs": [
        "<strong>Objetivo:</strong> Construye una aplicación en <a href='https://codepen.io' target='_blank'>CodePen.io</a> que funcione de forma similar al siguiente ejemplo: <a href='https://codepen.io/FreeCodeCamp/full/JXrLLE/' target='_blank'>https://codepen.io/FreeCodeCamp/full/JXrLLE/</a>.",
        "<strong>Regla #1:</strong> No veas el código del proyecto de ejemplo. Encuentra la forma de hacerlo por tu cuenta.",
        "<strong>Regla #2:</strong> Satisface las siguientes <a href='https://en.wikipedia.org/wiki/User_story' target='_blank'>historias de usuario</a>. Usa cualquier librería o API que sea necesaria. ¡Ponle un toque personal!.",
        "<strong>Rule #3:</strong> Debes utilizar ambos Sass y React para construir este proyecto.",
        "<strong>Historia de usuario:</strong> Puedo escribir lenguaje de marcado al estilo GitHub en un área de texto.",
        "<strong>Historia de usuario:</strong> Puedo tener una vista preliminar del resultado de mi marcado que se actualiza mientras escribo.",
        "<strong>Pista:</strong> No necesitas interpretar el lenguaje de marcado por tu cuenta - puedes importar la librería de marcado en el enlace siguiente: <a href='https://cdnjs.com/libraries/marked'>https://cdnjs.com/libraries/marked</a>",
        "<strong>Nota:</strong> Si quieres utilizar la sintaxis de React JSX, necesitarás habilitar 'Babel' como un preprocesador",
        "Recuerda utilizar <a href='//github.com/FreeCodeCamp/freecodecamp/wiki/FreeCodeCamp-Get-Help' target='_blank'>Read-Search-Ask</a> si te sientes atascado.",
        "Cuando termines, haz clic en el botón de \"I've completed this challenge\" e incluye el vínculo de tu proyecto en CodePen. ",
        "Puedes obtener retroalimentación acerca de tu proyecto de parte de tus compañeros campistas compartiéndolo en nuestro <a href='//gitter.im/freecodecamp/codereview' target='_blank'>Cuarto de revisión de código</a>. También puedes compartirlo en Twitter y en el campamento de tu ciudad (en Facebook)."
      ]
    },
    {
      "id": "bd7156d8c242eddfaeb5bd13",
      "title": "Build a Camper Leaderboard",
      "description": [
        "<strong>Objective:</strong> Build a <a href='https://codepen.io' target='_blank'>CodePen.io</a> app that is functionally similar to this: <a href='https://codepen.io/FreeCodeCamp/full/eZGMjp/' target='_blank'>https://codepen.io/FreeCodeCamp/full/eZGMjp/</a>.",
        "<strong>Rule #1:</strong> Don't look at the example project's code. Figure it out for yourself.",
        "<strong>Rule #2:</strong> Fulfill the below <a href='https://en.wikipedia.org/wiki/User_story' target='_blank'>user stories</a>. Use whichever libraries or APIs you need. Give it your own personal style.",
        "<strong>Rule #3:</strong> You must use both Sass and React to build this project.",
        "<strong>User Story:</strong> I can see a table of the Free Code Camp campers who've earned the most brownie points in the past 30 days.",
        "<strong>User Story:</strong> I can see how many brownie points they've earned in the past 30 days, and how many they've earned total.",
        "<strong>User Story:</strong> I can toggle between sorting the list by how many brownie points they've earned in the past 30 days and by how many brownie points they've earned total.",
        "<strong>Hint:</strong> To get the top 100 campers for the last 30 days: <a href='https://fcctop100.herokuapp.com/api/fccusers/top/recent' target='_blank'>https://fcctop100.herokuapp.com/api/fccusers/top/recent</a>.",
        "<strong>Hint:</strong> To get the top 100 campers of all time: <a href='https://fcctop100.herokuapp.com/api/fccusers/top/alltime' target='_blank'>https://fcctop100.herokuapp.com/api/fccusers/top/alltime</a>.",
        "Remember to use <a href='//github.com/FreeCodeCamp/freecodecamp/wiki/FreeCodeCamp-Get-Help' target='_blank'>Read-Search-Ask</a> if you get stuck.",
        "When you are finished, click the \"I've completed this challenge\" button and include a link to your CodePen. ",
        "You can get feedback on your project by sharing it with your friends on Facebook."
      ],
      "releasedOn": "January 1, 2016",
      "challengeSeed": [
        "LJQcFNo_-QY"
      ],
      "tests": [],
      "type": "zipline",
      "isRequired": true,
      "challengeType": 3,
      "titleRu": "Создайте таблицу Кемперов-Лидеров",
      "descriptionRu": [
        "<strong>Задание:</strong> Создайте приложение <a href='https://codepen.io' target='_blank'>CodePen.io</a>, функционал которого схож с этим: <a href='https://codepen.io/FreeCodeCamp/full/eZGMjp/' target='_blank'>https://codepen.io/FreeCodeCamp/full/eZGMjp/</a>.",
        "<strong>Правило #1:</strong> Не подсматривайте код приложения-примера. Напишите его самостоятельно.",
        "<strong>Правило #2:</strong> Приложение должно удовлетворять нижеприведённым <a href='https://ru.wikipedia.org/wiki/Пользовательские_истории' target='_blank'>пользовательским историям</a>. Используйте любые библиотеки или API, которые потребуются. Придайте ему свой личный стиль.",
        "<strong>Правило #3:</strong> Для создания этого проекта вы должны использовать Sass и React.",
        "<strong>Пользовательская история:</strong> Я могу видеть таблицу кемперов Free Code Camp, которые получили наибольшее количество очков за последние 30 дней.",
        "<strong>Пользовательская история:</strong> Я могу видеть сколько очков они получили за последние 30 дней, и сколько они получили их всего.",
        "<strong>Пользовательская история:</strong> Я могу отсортировать список по количеству очков, которые они получили за последние 30 дней, и по общему количеству полученных очков.",
        "<strong>Подсказка:</strong> Ссылка на топ 100 кемперов за последние 30 дней в формате JSON: <a href='https://fcctop100.herokuapp.com/api/fccusers/top/recent' target='_blank'>https://fcctop100.herokuapp.com/api/fccusers/top/recent</a>.",
        "<strong>Подсказка:</strong> Ссылка на топ 100 кемперов за все время в формате JSON: <a href='http://fcctop100.herokuapp.com/api/fccusers/top/alltime' target='_blank'>http://fcctop100.herokuapp.com/api/fccusers/top/alltime</a>.",
        "Если что-то не получается, не забывайте пользоваться методом <a href='//github.com/FreeCodeCamp/freecodecamp/wiki/FreeCodeCamp-Get-Help' target='_blank'>Читай-Ищи-Спрашивай</a>.",
        "Когда закончите, нажмите кнопку \"I've completed this challenge\" и укажите ссылку на вашу работу на CodePen.",
        "Вы можете получить отзыв о вашем проекте от коллег, поделившись ссылкой на него в нашем <a href='//gitter.im/freecodecamp/codereview' target='_blank'>чате для рассмотрения кода</a>. Также вы можете поделиться ею через Twitter и на странице Free Code Camp вашего города на Facebook."
      ],
      "titleEs": "Crea un marcador para los campistas",
      "descriptionEs": [
        "<strong>Objetivo:</strong> Construye una aplicación en <a href='https://codepen.io' target='_blank'>CodePen.io</a> que funcione de forma similar al siguiente ejemplo: <a href='https://codepen.io/FreeCodeCamp/full/eZGMjp/' target='_blank'>https://codepen.io/FreeCodeCamp/full/eZGMjp/</a>.",
        "<strong>Regla #1:</strong> No veas el código del proyecto de ejemplo. Encuentra la forma de hacerlo por tu cuenta.",
        "<strong>Regla #2:</strong> Satisface las siguientes <a href='https://en.wikipedia.org/wiki/User_story' target='_blank'>historias de usuario</a>. Usa cualquier librería o API que sea necesaria. ¡Ponle un toque personal!.",
        "<strong>Rule #3:</strong> Debes utilizar ambos Sass y React para construir este proyecto.",
        "<strong>Historia de usuario:</strong> Puedo ver un tablero con los campistas de Free Code Camp que han ganado más puntos de brownie en los últimos 30 días.",
        "<strong>Historia de usuario:</strong> Puedo ver cuántos puntos de brownie han ganado en los últimos 30 días, y cuántos han ganado en total.",
        "<strong>Historia de usuario:</strong> Puedo elegir entre dos formas de organizar la lista: 1) En base a cuántos puntos de brownie se han ganado en los últimos 30 días. 2) En base al número de puntos de brownie que han ganado en total.",
        "<strong>Pista:</strong> Para obtener los 100 mejores campistas para los últimos 30 días: <a href='https://fcctop100.herokuapp.com/api/fccusers/top/recent' target='_blank'>https://fcctop100.herokuapp.com/api/fccusers/top/recent</a>.",
        "<strong>Pista:</strong> Para obtener los 100 mejores campistas de toda la historia: <a href='http://fcctop100.herokuapp.com/api/fccusers/top/alltime' target='_blank'>http://fcctop100.herokuapp.com/api/fccusers/top/alltime</a>.",
        "Recuerda utilizar <a href='//github.com/FreeCodeCamp/freecodecamp/wiki/FreeCodeCamp-Get-Help' target='_blank'>Read-Search-Ask</a> si te sientes atascado.",
        "Cuando termines, haz clic en el botón de \"I've completed this challenge\" e incluye el vínculo de tu proyecto en CodePen. ",
        "Puedes obtener retroalimentación acerca de tu proyecto de parte de tus compañeros campistas compartiéndolo en nuestro <a href='//gitter.im/freecodecamp/codereview' target='_blank'>Cuarto de revisión de código</a>. También puedes compartirlo en Twitter y en el campamento de tu ciudad (en Facebook)."
      ]
    },
    {
      "id": "bd7155d8c242eddfaeb5bd13",
      "title": "Build a Recipe Box",
      "description": [
        "<strong>Objective:</strong> Build a <a href='https://codepen.io' target='_blank'>CodePen.io</a> app that is functionally similar to this: <a href='https://codepen.io/FreeCodeCamp/full/xVXWag/' target='_blank'>https://codepen.io/FreeCodeCamp/full/xVXWag/</a>.",
        "<strong>Rule #1:</strong> Don't look at the example project's code. Figure it out for yourself.",
        "<strong>Rule #2:</strong> Fulfill the below <a href='https://en.wikipedia.org/wiki/User_story' target='_blank'>user stories</a>. Use whichever libraries or APIs you need. Give it your own personal style.",
        "<strong>Rule #3:</strong> You must use both Sass and React to build this project.",
        "<strong>User Story:</strong> I can create recipes that have names and ingredients.",
        "<strong>User Story:</strong> I can see an index view where the names of all the recipes are visible.",
        "<strong>User Story:</strong> I can click into any of those recipes to view it.",
        "<strong>User Story:</strong> I can edit these recipes.",
        "<strong>User Story:</strong> I can delete these recipes.",
        "<strong>User Story:</strong> All new recipes I add are saved in my browser's local storage. If I refresh the page, these recipes will still be there.",
        "<strong>Hint: </strong> You should prefix your local storage keys on CodePen, i.e. <code>_username_recipes</code>",
        "Remember to use <a href='//github.com/FreeCodeCamp/freecodecamp/wiki/FreeCodeCamp-Get-Help' target='_blank'>Read-Search-Ask</a> if you get stuck.",
        "When you are finished, click the \"I've completed this challenge\" button and include a link to your CodePen.",
        "You can get feedback on your project by sharing it with your friends on Facebook."
      ],
      "releasedOn": "January 1, 2016",
      "challengeSeed": [
        "6tZ4c-Bxstg"
      ],
      "tests": [],
      "type": "zipline",
      "isRequired": true,
      "challengeType": 3,
      "titleRu": "Создайте хранилище рецептов",
      "descriptionRu": [
        "<strong>Задание:</strong> Создайте приложение <a href='https://codepen.io' target='_blank'>CodePen.io</a>, функционал которого схож с этим: <a href='https://codepen.io/FreeCodeCamp/full/xVXWag/' target='_blank'>https://codepen.io/FreeCodeCamp/full/xVXWag/</a>.",
        "<strong>Правило #1:</strong> Не подсматривайте код приложения-примера. Напишите его самостоятельно.",
        "<strong>Правило #2:</strong> Приложение должно удовлетворять нижеприведённым <a href='https://ru.wikipedia.org/wiki/Пользовательские_истории' target='_blank'>пользовательским историям</a>. Используйте любые библиотеки или API, которые потребуются. Придайте ему свой личный стиль.",
        "<strong>Правило #3:</strong> Для создания этого проекта вы должны использовать Sass и React.",
        "<strong>Пользовательская история:</strong> Я могу создавать рецепты, содержащие название и ингредиенты.",
        "<strong>Пользовательская история:</strong> Я могу просмотреть корневой вид, на котором видны все рецепты.",
        "<strong>Пользовательская история:</strong> Я могу нажать на имя каждого из рецептов для просмотра содержимого.",
        "<strong>Пользовательская история:</strong> Я могу отредактировать эти рецепты.",
        "<strong>Пользовательская история:</strong> Я могу удалить эти рецепты.",
        "<strong>Пользовательская история:</strong> Все новые рецепты, которые я добавил, сохранены в локальном хранилище моего браузера. Если я обновлю страницу, эти рецепты будут всё ещё там.",
        "Если что-то не получается, не забывайте пользоваться методом <a href='//github.com/FreeCodeCamp/freecodecamp/wiki/FreeCodeCamp-Get-Help' target='_blank'>Читай-Ищи-Спрашивай</a>.",
        "Когда закончите, нажмите кнопку \"I've completed this challenge\" и укажите ссылку на вашу работу на CodePen.",
        "Вы можете получить отзыв о вашем проекте от коллег, поделившись ссылкой на него в нашем <a href='//gitter.im/freecodecamp/codereview' target='_blank'>чате для рассмотрения кода</a>. Также вы можете поделиться ею через Twitter и на странице Free Code Camp вашего города на Facebook."
      ],
      "titleEs": "Crea una caja de recetas",
      "descriptionEs": [
        "<strong>Objetivo:</strong> Construye una aplicación en <a href='https://codepen.io' target='_blank'>CodePen.io</a> que funcione de forma similar al siguiente ejemplo: <a href='https://codepen.io/FreeCodeCamp/full/xVXWag/' target='_blank'>https://codepen.io/FreeCodeCamp/full/xVXWag/</a>.",
        "<strong>Regla #1:</strong> No veas el código del proyecto de ejemplo. Encuentra la forma de hacerlo por tu cuenta.",
        "<strong>Regla #2:</strong> Satisface las siguientes <a href='https://en.wikipedia.org/wiki/User_story' target='_blank'>historias de usuario</a>. Usa cualquier librería o API que sea necesaria. ¡Ponle un toque personal!.",
        "<strong>Rule #3:</strong> Debes utilizar ambos Sass y React para construir este proyecto.",
        "<strong>Historia de usuario:</strong> Puedo crear recetas a las que les puedo poner un nombre y los ingredientes necesarios.",
        "<strong>Historia de usuario:</strong> Puedo ver un índice que contenga los nombres de todas las recetas.",
        "<strong>Historia de usuario:</strong> Puedo pulsar cualquiera de las recetas para verla.",
        "<strong>Historia de usuario:</strong> Puedo editar las recetas.",
        "<strong>Historia de usuario:</strong> Puedo eliminar las recetas.",
        "<strong>Historia de usuario:</strong> Las recetas que voy agregando deben guardarse en el almacenamiento local de mi navegador. Las recetas deben seguir allí si refresco la página.",
        "Recuerda utilizar <a href='//github.com/FreeCodeCamp/freecodecamp/wiki/FreeCodeCamp-Get-Help' target='_blank'>Read-Search-Ask</a> si te sientes atascado.",
        "Cuando termines, haz clic en el botón de \"I've completed this challenge\" e incluye el vínculo de tu proyecto en CodePen. ",
        "Puedes obtener retroalimentación acerca de tu proyecto de parte de tus compañeros campistas compartiéndolo en nuestro <a href='//gitter.im/freecodecamp/codereview' target='_blank'>Cuarto de revisión de código</a>. También puedes compartirlo en Twitter y en el campamento de tu ciudad (en Facebook)."
      ]
    },
    {
      "id": "bd7154d8c242eddfaeb5bd13",
      "title": "Build the Game of Life",
      "description": [
        "<strong>Objective:</strong> Build a <a href='https://codepen.io' target='_blank'>CodePen.io</a> app that is functionally similar to this: <a href='https://codepen.io/FreeCodeCamp/full/reGdqx/' target='_blank'>https://codepen.io/FreeCodeCamp/full/reGdqx/</a>.",
        "<strong>Rule #1:</strong> Don't look at the example project's code. Figure it out for yourself.",
        "<strong>Rule #2:</strong> Fulfill the below <a href='https://en.wikipedia.org/wiki/User_story' target='_blank'>user stories</a>. Use whichever libraries or APIs you need. Give it your own personal style.",
        "<strong>Rule #3:</strong> You must use both Sass and React to build this project.",
        "<strong>User Story:</strong> When I first arrive at the game, it will randomly generate a board and start playing.",
        "<strong>User Story:</strong> I can start and stop the board.",
        "<strong>User Story:</strong> I can set up the board.",
        "<strong>User Story:</strong> I can clear the board.",
        "<strong>User Story:</strong> When I press start, the game will play out.",
        "<strong>User Story:</strong> Each time the board changes, I can see how many generations have gone by.",
        "<strong>Hint:</strong> Here's an explanation of Conway's Game of Life from John Conway himself: <a href='https://www.youtube.com/watch?v=E8kUJL04ELA' target='_blank'>https://www.youtube.com/watch?v=E8kUJL04ELA</a>",
        "<strong>Hint:</strong> Here's an overview of Conway's Game of Life with rules for your reference: <a href='https://en.wikipedia.org/wiki/Conway%27s_Game_of_Life' target='_blank'>https://en.wikipedia.org/wiki/Conway%27s_Game_of_Life</a>",
        "Remember to use <a href='//github.com/FreeCodeCamp/freecodecamp/wiki/FreeCodeCamp-Get-Help' target='_blank'>Read-Search-Ask</a> if you get stuck.",
        "When you are finished, click the \"I've completed this challenge\" button and include a link to your CodePen. ",
        "You can get feedback on your project by sharing it with your friends on Facebook."
      ],
      "releasedOn": "January 1, 2016",
      "challengeSeed": [
        "5Ajcjs3OmjA"
      ],
      "tests": [],
      "type": "zipline",
      "isRequired": true,
      "challengeType": 3,
      "titleRu": "Создайте игру \"Жизнь\"",
      "descriptionRu": [
        "<strong>Задание:</strong> Создайте приложение <a href='https://codepen.io' target='_blank'>CodePen.io</a>, функционал которого схож с этим: <a href='https://codepen.io/FreeCodeCamp/full/reGdqx/' target='_blank'>https://codepen.io/FreeCodeCamp/full/reGdqx/</a>.",
        "<strong>Правило #1:</strong> Не подсматривайте код приложения-примера. Напишите его самостоятельно.",
        "<strong>Правило #2:</strong> Приложение должно удовлетворять нижеприведённым <a href='https://ru.wikipedia.org/wiki/Пользовательские_истории' target='_blank'>пользовательским историям</a>. Используйте любые библиотеки или API, которые потребуются. Придайте ему свой личный стиль.",
        "<strong>Правило #3:</strong> Для создания этого проекта вы должны использовать Sass и React.",
        "<strong>Пользовательская история:</strong> Когда я впервые запускаю игру, она генерирует доску случайным образом и начинает игру.",
        "<strong>Пользовательская история:</strong> Я могу запустить и остановить игру.",
        "<strong>Пользовательская история:</strong> Я могу настроить доску.",
        "<strong>Пользовательская история:</strong> Я могу очистить доску.",
        "<strong>Пользовательская история:</strong> Когда я нажимаю начать, игра начинает воспроизведение.",
        "<strong>Пользовательская история:</strong> Каждый раз, когда доска меняется, я могу видеть сколько поколений прошло.",
        "<strong>Подсказка:</strong> Вот объяснение игры \"Жизнь\" от её создателя Джона Конвея: <a href='https://www.youtube.com/watch?v=E8kUJL04ELA' target='_blank'>https://www.youtube.com/watch?v=E8kUJL04ELA</a>",
        "<strong>Подсказка:</strong> Вот обзор правил игры \"Жизнь\" для вашего сведения: <a href='https://ru.wikipedia.org/wiki/Жизнь_(игра)' target='_blank'>https://ru.wikipedia.org/wiki/Жизнь_(игра)</a>",
        "Если что-то не получается, не забывайте пользоваться методом <a href='//github.com/FreeCodeCamp/freecodecamp/wiki/FreeCodeCamp-Get-Help' target='_blank'>Читай-Ищи-Спрашивай</a>.",
        "Когда закончите, нажмите кнопку \"I've completed this challenge\" и укажите ссылку на вашу работу на CodePen.",
        "Вы можете получить отзыв о вашем проекте от коллег, поделившись ссылкой на него в нашем <a href='//gitter.im/freecodecamp/codereview' target='_blank'>чате для рассмотрения кода</a>. Также вы можете поделиться ею через Twitter и на странице Free Code Camp вашего города на Facebook."
      ],
      "titleEs": "Crea un Juego de la vida",
      "descriptionEs": [
        "<strong>Objetivo:</strong> Construye una aplicación en <a href='https://codepen.io' target='_blank'>CodePen.io</a> que funcione de forma similar al siguiente ejemplo: <a href='https://codepen.io/FreeCodeCamp/full/reGdqx/' target='_blank'>https://codepen.io/FreeCodeCamp/full/reGdqx/</a>.",
        "<strong>Regla #1:</strong> No veas el código del proyecto de ejemplo. Encuentra la forma de hacerlo por tu cuenta.",
        "<strong>Regla #2:</strong> Satisface las siguientes <a href='https://en.wikipedia.org/wiki/User_story' target='_blank'>historias de usuario</a>. Usa cualquier librería o API que sea necesaria. ¡Ponle un toque personal!.",
        "<strong>Rule #3:</strong> Debes utilizar ambos Sass y React para construir este proyecto.",
        "<strong>Historia de usuario:</strong> La aplicación debe generar aleatoriamente un tablero y comenzar a jugar cuando entro al juego por primera vez.",
        "<strong>Historia de usuario:</strong> Puedo iniciar y detener el tablero.",
        "<strong>Historia de usuario:</strong> Puedo preparar el tablero.",
        "<strong>Historia de usuario:</strong> Puedo limpiar el tablero.",
        "<strong>Historia de usuario:</strong> El juego inicia cuando presiono un botón de inicio.",
        "<strong>Historia de usuario:</strong> Puedo ver cuántas generaciones han pasado cada vez que el tablero cambia.",
        "<strong>Pista:</strong> Puedes encontrar una explicación del Juego de la vida de Conway de parte del mismísimo John Conway aquí: <a href='https://www.youtube.com/watch?v=E8kUJL04ELA' target='_blank'>https://www.youtube.com/watch?v=E8kUJL04ELA</a>",
        "<strong>Pista:</strong> Puedes referirte al siguiente enlace para obtener información general acerca del Juego de la vida de Conway incluyendo las reglas del juego: <a href='https://en.wikipedia.org/wiki/Conway%27s_Game_of_Life' target='_blank'>https://en.wikipedia.org/wiki/Conway%27s_Game_of_Life</a>",
        "Recuerda utilizar <a href='//github.com/FreeCodeCamp/freecodecamp/wiki/FreeCodeCamp-Get-Help' target='_blank'>Read-Search-Ask</a> si te sientes atascado.",
        "Cuando termines, haz clic en el botón de \"I've completed this challenge\" e incluye el vínculo de tu proyecto en CodePen. ",
        "Puedes obtener retroalimentación acerca de tu proyecto de parte de tus compañeros campistas compartiéndolo en nuestro <a href='//gitter.im/freecodecamp/codereview' target='_blank'>Cuarto de revisión de código</a>. También puedes compartirlo en Twitter y en el campamento de tu ciudad (en Facebook)."
      ]
    },
    {
      "id": "bd7153d8c242eddfaeb5bd13",
      "title": "Build a Roguelike Dungeon Crawler Game",
      "description": [
        "<strong>Objective:</strong> Build a <a href='https://codepen.io' target='_blank'>CodePen.io</a> app that is functionally similar to this: <a href='https://codepen.io/FreeCodeCamp/full/PNJRyd/' target='_blank'>https://codepen.io/FreeCodeCamp/full/PNJRyd/</a>.",
        "<strong>Rule #1:</strong> Don't look at the example project's code. Figure it out for yourself.",
        "<strong>Rule #2:</strong> Fulfill the below <a href='https://en.wikipedia.org/wiki/User_story' target='_blank'>user stories</a>. Use whichever libraries or APIs you need. Give it your own personal style.",
        "<strong>Rule #3:</strong> You must use both Sass and React to build this project.",
        "<strong>User Story:</strong> I have health, a level, and a weapon. I can pick up a better weapon. I can pick up health items.",
        "<strong>User Story:</strong> All the items and enemies on the map are arranged at random.",
        "<strong>User Story:</strong> I can move throughout a map, discovering items.",
        "<strong>User Story:</strong> I can move anywhere within the map's boundaries, but I can't move through an enemy until I've beaten it.",
        "<strong>User Story:</strong> Much of the map is hidden. When I take a step, all spaces that are within a certain number of spaces from me are revealed.",
        "<strong>User Story:</strong> When I beat an enemy, the enemy goes away and I get XP, which eventually increases my level.",
        "<strong>User Story:</strong> When I fight an enemy, we take turns damaging each other until one of us loses. I do damage based off of my level and my weapon. The enemy does damage based off of its level. Damage is somewhat random within a range.",
        "<strong>User Story:</strong> When I find and beat the boss, I win.",
        "<strong>User Story:</strong> The game should be challenging, but theoretically winnable.",
        "Remember to use <a href='//github.com/FreeCodeCamp/freecodecamp/wiki/FreeCodeCamp-Get-Help' target='_blank'>Read-Search-Ask</a> if you get stuck.",
        "When you are finished, click the \"I've completed this challenge\" button and include a link to your CodePen. ",
        "You can get feedback on your project by sharing it with your friends on Facebook."
      ],
      "releasedOn": "January 1, 2016",
      "challengeSeed": [
        "BwyKI9iePUQ"
      ],
      "tests": [],
      "type": "zipline",
      "isRequired": true,
      "challengeType": 3,
      "titleRu": "Создайте Roguelike-подобную игру Подземелье",
      "descriptionRu": [
        "<strong>Задание:</strong> Создайте приложение <a href='https://codepen.io' target='_blank'>CodePen.io</a>, функционал которого схож с этим: <a href='https://codepen.io/FreeCodeCamp/full/PNJRyd/' target='_blank'>https://codepen.io/FreeCodeCamp/full/PNJRyd/</a>.",
        "<strong>Правило #1:</strong> Не подсматривайте код приложения-примера. Напишите его самостоятельно.",
        "<strong>Правило #2:</strong> Приложение должно удовлетворять нижеприведённым <a href='https://ru.wikipedia.org/wiki/Пользовательские_истории' target='_blank'>пользовательским историям</a>. Используйте любые библиотеки или API, которые потребуются. Придайте ему свой личный стиль.",
        "<strong>Правило #3:</strong> Для создания этого проекта вы должны использовать Sass и React.",
        "<strong>Пользовательская история:</strong> У меня есть жизни, уровень и оружие. Я могу подобрать оружие получше. Я могу подобрать очки здоровья.",
        "<strong>Пользовательская история:</strong> Все предметы и враги располагаются на карте случайным образом.",
        "<strong>Пользовательская история:</strong> Я могу передвигаться по карте, обнаруживая новые предметы.",
        "<strong>Пользовательская история:</strong> Я могу двигаться куда угодно в рамках карты, но не могу продвинуться дальше врага, пока он не будет побежден.",
        "<strong>Пользовательская история:</strong> Большая часть карты скрыта. Когда я делаю шаг, все клетки в определенном количестве клеток от меня становятся видимы.",
        "<strong>Пользовательская история:</strong> Когда я побеждаю врага, враг исчезает, а я получаю очки опыта (XP), что увеличивает мой уровень.",
        "<strong>Пользовательская история:</strong> Когда я веду бой с врагом, мы поочередно наносим друг-другу повреждения, до тех пор пока кто-нибудь не победит. Я наношу повреждения, которые зависят от моего уровня и моего оружия. Враг наносит повреждения, которые зависят от его уровня. Значение повреждений распределено случайным образом в некотором диапазоне.",
        "<strong>Пользовательская история:</strong> Когад я нахожу и побеждаю босса, я выигрываю игру.",
        "<strong>Пользовательская история:</strong> Игра должна быть интересной и достаточно сложной, но теоретически проходимой.",
        "Если что-то не получается, не забывайте пользоваться методом <a href='//github.com/FreeCodeCamp/freecodecamp/wiki/FreeCodeCamp-Get-Help' target='_blank'>Читай-Ищи-Спрашивай</a>.",
        "Когда закончите, нажмите кнопку \"I've completed this challenge\" и укажите ссылку на вашу работу на CodePen.",
        "Вы можете получить отзыв о вашем проекте от коллег, поделившись ссылкой на него в нашем <a href='//gitter.im/freecodecamp/codereview' target='_blank'>чате для рассмотрения кода</a>. Также вы можете поделиться ею через Twitter и на странице Free Code Camp вашего города на Facebook."
      ],
      "titleEs": "Crea un juego de dragones al estilo Rogue",
      "descriptionEs": [
        "<strong>Objetivo:</strong> Construye una aplicación en <a href='https://codepen.io' target='_blank'>CodePen.io</a> que funcione de forma similar al siguiente ejemplo: <a href='https://codepen.io/FreeCodeCamp/full/PNJRyd/' target='_blank'>https://codepen.io/FreeCodeCamp/full/PNJRyd/</a>.",
        "<strong>Regla #1:</strong> No veas el código del proyecto de ejemplo. Encuentra la forma de hacerlo por tu cuenta.",
        "<strong>Regla #2:</strong> Satisface las siguientes <a href='https://en.wikipedia.org/wiki/User_story' target='_blank'>historias de usuario</a>. Usa cualquier librería o API que sea necesaria. ¡Ponle un toque personal!.",
        "<strong>Rule #3:</strong> Debes utilizar ambos Sass y React para construir este proyecto.",
        "<strong>Historia de usuario:</strong> Tengo energía, nivel de habilidad y un arma. Puedo recoger un arma mejor. Puedo recoger ítems que recuperan mi energía.",
        "<strong>Historia de usuario:</strong> Todos los ítems y los enemigos en el mapa están colocados aleatoriamente.",
        "<strong>Historia de usuario:</strong> Puedo moverme a lo largo de un mapa y descubrir ítems.",
        "<strong>Historia de usuario:</strong> Puedo moverme hacia cualquier parte dentro de los límites del mapa, pero no puedo moverme sobre un enemigo hasta que lo haya vencido.",
        "<strong>Historia de usuario:</strong> Gran parte del mapa está escondido. Cuando doy un paso, todos los espacios que están a cierto número de espacios de distancia de mi son revelados.",
        "<strong>Historia de usuario:</strong> Cuando venzo un enemigo, este desaparece y yo gano puntos de experiencia (XP), lo que eventualmente me permite aumentar de nivel.",
        "<strong>Historia de usuario:</strong> Cuando peleo con un enemigo, tomamos turnos haciéndonos daño hasta que uno de los dos pierde. El daño que hago está basado en mi nivel de experiencia y en el arma que estoy utilizando. El enemigo hace daño basado en su nivel. El daño es aleatorio dentro de cierto márgen.",
        "<strong>Historia de usuario:</strong> Gano el juego cuando encuentre y venza al jefe.",
        "<strong>Historia de usuario:</strong> El juego debe representar un reto, pero ganar debe ser teóricamente posible.",
        "Recuerda utilizar <a href='//github.com/FreeCodeCamp/freecodecamp/wiki/FreeCodeCamp-Get-Help' target='_blank'>Read-Search-Ask</a> si te sientes atascado.",
        "Cuando termines, haz clic en el botón de \"I've completed this challenge\" e incluye el vínculo de tu proyecto en CodePen. ",
        "Puedes obtener retroalimentación acerca de tu proyecto de parte de tus compañeros campistas compartiéndolo en nuestro <a href='//gitter.im/freecodecamp/codereview' target='_blank'>Cuarto de revisión de código</a>. También puedes compartirlo en Twitter y en el campamento de tu ciudad (en Facebook)."
      ]
    }
  ]
}
